Id,Label,Attribute
Id,Label,Attribute
Id,Label,Attribute
Id,Label,Attribute
Id,Label,Attribute
Id,Label,Attribute
Id,Label,Attribute
Id,Label,Attribute
Id,Label,Attribute
Id,Label,Attribute
Id,Label,Attribute
Id,Label,Attribute
Id,Label,Attribute
Id,Label,Attribute
Id,Label,Attribute
Id,Label,Attribute
Id,Label,Attribute
Id,Label,Attribute
Id,Label,Attribute
Id,Label,Attribute
Id,Label,Attribute
Id,Label,Attribute
Id,Label,Attribute
Id,Label,Attribute
Id,Label,Attribute
Id,Label,Attribute
Id,Label,Attribute
Id,Label,Attribute
Id,Label,Attribute
Id,Label,Attribute
Id,Label,Attribute
Id,Label,Attribute
Id,Label,Attribute
Id,Label,Attribute
Id,Label,Attribute
Id,Label,Attribute
Id,Label,Attribute
Id,Label,Attribute
Id,Label,Attribute
Id,Label,Attribute
Id,Label,Attribute
Id,Label,Attribute
Id,Label,Attribute
Id,Label,Attribute
Id,Label,Attribute
Id,Label,Attribute
Id,Label,Attribute
Id,Label,Attribute
Id,Label,Attribute
Id,Label,Attribute
Id,Label,Attribute
Id,Label,Attribute
Id,Label,Attribute
Id,Label,Attribute
Id,Label,Attribute
Id,Label,Attribute
Id,Label,Attribute
Id,Label,Attribute
Id,Label,Attribute
Id,Label,Attribute
Id,Label,Attribute
Id,Label,Attribute
Id,Label,Attribute
Id,Label,Attribute
Id,Label,Attribute
Id,Label,Attribute
Id,Label,Attribute
Id,Label,Attribute
Id,Label,Attribute
Id,Label,Attribute
Id,Label,Attribute
Id,Label,Attribute
Id,Label,Attribute
Id,Label,Attribute
Id,Label,Attribute
Id,Label,Attribute
Id,Label,Attribute
Id,Label,Attribute
Id,Label,Attribute
Id,Label,Attribute
Id,Label,Attribute
Id,Label,Attribute
Id,Label,Attribute
Id,Label,Attribute
Id,Label,Attribute
Id,Label,Attribute
Id,Label,Attribute
Id,Label,Attribute
Id,Label,Attribute
Id,Label,Attribute
Id,Label,Attribute
Id,Label,Attribute
Id,Label,Attribute
Id,Label,Attribute
Id,Label,Attribute
Id,Label,Attribute
Id,Label,Attribute
Id,Label,Attribute
Id,Label,Attribute
Id,Label,Attribute
Id,Label,Attribute
Id,Label,Attribute
Id,Label,Attribute
Id,Label,Attribute
Id,Label,Attribute
Id,Label,Attribute
Id,Label,Attribute
Id,Label,Attribute
Id,Label,Attribute
Id,Label,Attribute
Id,Label,Attribute
Id,Label,Attribute
